AccountID,CustomerID,AccountType,Balance,OpenedDate
1,373,Savings,11630.47,2008-12-13
2,484,Loan,35292.86,2016-03-22
3,973,Savings,15419.76,2003-08-02
4,647,Savings,12146.62,2021-04-27
5,228,Savings,3696.53,2016-10-21
6,623,Checking,37214.23,2001-11-06
7,307,Savings,35564.5,2016-11-20
8,457,Loan,11763.25,2007-07-10
9,160,Loan,37481.48,2009-11-29
10,331,Loan,45896.15,2017-10-26
11,776,Savings,5446.05,2002-08-20
12,225,Credit,11670.2,2012-11-07
13,983,Credit,37525.53,2001-06-14
14,729,Loan,13761.61,2015-10-03
15,504,Checking,31251.97,2023-09-16
16,456,Credit,4104.15,2021-07-25
17,45,Savings,22637.51,2020-09-26
18,214,Credit,36967.62,2017-05-29
19,59,Loan,34341.37,2003-09-21
20,644,Checking,40762.85,2011-11-24
21,616,Credit,43878.73,2001-04-15
22,195,Credit,38670.52,2014-10-10
23,925,Loan,33595.81,2010-11-09
24,489,Checking,1634.54,2013-01-18
25,157,Checking,26771.59,2023-06-05
26,610,Loan,1933,2008-07-18
27,226,Savings,40412.99,2016-09-30
28,412,Credit,16070.19,2004-06-18
29,205,Savings,28143.35,2018-06-05
30,79,Credit,14008.29,2003-01-08
31,124,Credit,39135.88,2022-08-31
32,471,Savings,44330.8,2003-02-11
33,940,Loan,19962.19,2022-02-15
34,218,Loan,43152.97,2019-11-29
35,516,Credit,13390.4,2019-07-02
36,602,Loan,26756.31,2007-10-25
37,104,Credit,42945.13,2016-05-05
38,393,Loan,16327.77,2015-06-26
39,631,Credit,47704.41,2017-12-31
40,645,Loan,6137.88,2018-02-07
41,824,Checking,962.84,2018-06-03
42,608,Savings,45211.56,2024-03-04
43,980,Checking,3479,2008-10-23
44,434,Savings,49594.87,2014-05-17
45,331,Savings,47572.27,2016-11-22
46,143,Credit,6894.19,2012-09-29
47,800,Savings,26902.35,2019-01-30
48,540,Checking,9286.77,2014-11-15
49,278,Checking,21436.35,2003-02-12
50,233,Loan,3118.19,2012-07-24
51,529,Checking,11235.03,2017-06-28
52,571,Loan,18195.48,2022-08-20
53,90,Savings,21960.44,2011-09-06
54,492,Checking,48875.94,2007-01-07
55,199,Savings,40402.89,2022-09-12
56,362,Checking,36883.63,2011-08-07
57,441,Checking,26875.21,2022-02-08
58,26,Loan,42007.89,2010-07-11
59,25,Savings,16999.18,2007-02-16
60,394,Checking,35459.51,2015-11-04
61,507,Credit,49689.51,2016-10-25
62,301,Savings,15765.71,2020-11-02
63,339,Savings,33717.18,2006-04-19
64,267,Savings,42223.53,2013-08-19
65,461,Loan,45794.59,2002-09-16
66,693,Credit,35910.74,2009-08-25
67,456,Savings,14216.22,2013-02-14
68,360,Checking,16347.79,2003-04-09
69,68,Checking,1086.86,2010-11-23
70,863,Loan,38056.25,2023-01-18
71,412,Checking,2184.84,2013-04-02
72,971,Savings,43239.39,2012-06-01
73,491,Checking,5977.1,2010-10-11
74,833,Savings,8635.23,2024-04-19
75,49,Checking,23852.5,2005-07-27
76,687,Credit,36907.13,2017-07-15
77,564,Loan,6993.16,2005-08-30
78,102,Loan,22031.55,2012-09-03
79,216,Credit,24168.42,2017-06-26
80,438,Credit,10653.67,2009-10-10
81,700,Loan,5822.14,2012-01-30
82,569,Credit,41829.23,2011-02-26
83,559,Savings,25148.16,2014-02-07
84,159,Checking,768.34,2006-06-02
85,489,Loan,40158.92,2002-11-21
86,686,Credit,49040.65,2023-06-11
87,242,Savings,30316.01,2022-03-08
88,794,Loan,25210.23,2006-12-17
89,753,Credit,43926.87,2023-10-10
90,882,Loan,47628.21,2024-09-11
91,5,Credit,37739.12,2016-12-18
92,596,Loan,22300.37,2021-07-26
93,820,Savings,29631.46,2016-06-27
94,361,Savings,35061.72,2022-09-16
95,459,Checking,9753.96,2021-05-06
96,248,Loan,22387.69,2004-05-02
97,566,Checking,41499.57,2012-01-22
98,673,Loan,32753.53,2017-03-24
99,946,Credit,20589.64,2005-03-25
100,422,Credit,33184.96,2019-06-01
101,923,Checking,5955.21,2005-08-01
102,738,Loan,20104.81,2008-05-07
103,15,Checking,39666.77,2001-07-14
104,736,Savings,11064.41,2024-04-26
105,573,Checking,9338.78,2012-05-12
106,122,Checking,47543.39,2020-10-30
107,277,Credit,10534.39,2019-02-05
108,558,Checking,13082.88,2001-11-03
109,453,Loan,48482.32,2003-02-07
110,390,Credit,36748.69,2022-01-02
111,294,Checking,34994.85,2015-09-13
112,574,Savings,42653.67,2014-12-05
113,598,Checking,5835.36,2006-03-17
114,446,Checking,35312.51,2015-11-28
115,210,Checking,25209.25,2011-03-06
116,590,Credit,41466.07,2021-10-07
117,714,Loan,25431.68,2013-12-20
118,302,Savings,31031.06,2017-11-20
119,909,Checking,23913.22,2020-04-18
120,223,Loan,23934.04,2004-11-11
121,734,Loan,38410.1,2002-09-19
122,3,Credit,31446.89,2002-08-10
123,990,Savings,31681.5,2012-09-28
124,518,Credit,22541.61,2024-08-18
125,93,Loan,26578.92,2016-03-25
126,520,Loan,37298.6,2005-04-06
127,428,Loan,41305.75,2002-09-05
128,493,Credit,34843.24,2022-12-17
129,235,Savings,46207.45,2015-04-18
130,620,Checking,41025.19,2022-05-08
131,161,Credit,28115.1,2003-12-05
132,721,Loan,33586.73,2002-06-23
133,752,Credit,46319.1,2024-09-21
134,331,Loan,30977.44,2002-01-25
135,333,Checking,41249.11,2021-08-09
136,50,Checking,34456.08,2019-10-30
137,523,Savings,27619.22,2003-02-03
138,863,Loan,12129.82,2015-07-10
139,668,Savings,21328.58,2013-03-01
140,492,Savings,48388.75,2014-05-06
141,582,Checking,32905.38,2015-02-13
142,681,Credit,28241.55,2024-07-18
143,272,Credit,46651.18,2019-05-04
144,580,Savings,29346.26,2024-08-07
145,867,Checking,26327.82,2021-02-26
146,252,Loan,37977.58,2024-01-30
147,560,Credit,35647.65,2005-11-11
148,696,Savings,9698.34,2008-01-23
149,832,Credit,23591.85,2013-03-08
150,699,Credit,23652.15,2008-06-21
151,90,Loan,18942.31,2008-07-26
152,446,Checking,25888.81,2015-07-16
153,332,Loan,20684.71,2006-12-30
154,139,Checking,10007.31,2013-09-23
155,357,Credit,20647.71,2021-06-01
156,601,Savings,3660.23,2022-10-05
157,274,Loan,28810.5,2020-08-07
158,19,Checking,42690.04,2023-05-26
159,983,Credit,36278.09,2013-02-13
160,311,Checking,18051.68,2007-06-16
161,870,Checking,4399.21,2016-05-05
162,886,Checking,10147.36,2013-02-05
163,978,Credit,27297.24,2004-10-21
164,154,Savings,10392.5,2022-03-13
165,390,Savings,27221.46,2012-10-09
166,260,Savings,11618.37,2010-07-16
167,620,Checking,42453.75,2005-07-31
168,883,Credit,19893.71,2023-03-23
169,797,Checking,12315.25,2013-03-03
170,571,Savings,40625.69,2025-02-03
171,125,Savings,17174.81,2017-11-25
172,354,Credit,5618.81,2015-04-28
173,273,Checking,28541.95,2014-03-19
174,619,Loan,29099.13,2011-12-15
175,811,Loan,35749.05,2011-11-14
176,245,Savings,12048.96,2002-08-17
177,848,Credit,22216.38,2018-05-31
178,450,Checking,14154.28,2012-07-26
179,930,Checking,4093.64,2010-07-31
180,247,Savings,43836.86,2014-06-25
181,520,Savings,36457.05,2007-09-05
182,141,Checking,15108.08,2022-09-13
183,362,Checking,29988.68,2021-03-17
184,8,Savings,10103.13,2012-11-29
185,478,Checking,44517.32,2005-05-21
186,352,Loan,5789.57,2018-07-29
187,996,Savings,241.67,2004-02-29
188,495,Checking,25125.31,2018-07-27
189,606,Savings,29177.23,2024-11-27
190,833,Credit,28969.32,2011-03-05
191,427,Savings,2772.87,2011-11-03
192,39,Savings,15736.49,2011-12-25
193,593,Credit,24984.99,2022-07-31
194,187,Loan,10868.13,2011-09-20
195,596,Checking,43637.66,2002-12-23
196,600,Credit,4401.11,2012-10-26
197,754,Savings,24394.85,2003-06-08
198,854,Checking,34586.23,2024-12-16
199,93,Credit,13124.47,2009-02-13
200,86,Checking,31230.82,2018-11-26
201,44,Checking,41477.79,2013-12-09
202,137,Credit,9557.33,2009-06-14
203,421,Checking,45865.17,2019-12-23
204,74,Loan,27700.25,2006-02-22
205,548,Credit,14996.64,2018-03-19
206,613,Loan,21571.37,2010-02-19
207,988,Savings,15643.98,2002-02-02
208,512,Checking,36269.3,2006-12-16
209,156,Savings,,2010-02-16
210,938,Savings,41655.22,2012-01-28
211,255,Checking,49289.12,2022-11-15
212,171,Credit,39574.65,2022-06-21
213,981,Checking,30089.13,2016-10-05
214,728,Savings,16994.05,2018-10-27
215,170,Savings,27252.54,2011-03-22
216,764,Credit,2101.36,2002-12-31
217,872,Checking,37254.01,2003-06-06
218,322,Savings,22325.48,2021-10-02
219,567,Loan,1050.16,2007-02-08
220,456,Savings,3172.22,2017-07-25
221,944,Savings,19403.95,2022-12-15
222,603,Credit,29191.9,2019-06-15
223,790,Loan,23236.99,2017-02-18
224,613,Savings,30979.26,2010-05-18
225,155,Savings,24040.7,2017-02-11
226,889,Loan,33102.11,2001-09-27
227,349,Checking,10995.35,2015-02-19
228,451,Checking,5686.52,2006-04-28
229,876,Savings,29841.88,2007-01-27
230,653,Savings,24260.24,2015-12-03
231,173,Checking,1392.04,2024-10-07
232,10,Credit,19055.07,2005-12-11
233,740,Loan,5350.97,2021-08-08
234,265,Loan,26591.27,2008-06-20
235,438,Credit,19819.1,2007-02-15
236,760,Credit,30676.94,2017-03-21
237,247,Credit,40289.83,2010-07-24
238,667,Credit,15018.45,2004-04-05
239,546,Credit,48107,2009-05-28
240,499,Credit,26804.94,2021-08-30
241,129,Loan,30933.63,2002-11-17
242,672,Credit,34049.59,2004-04-25
243,601,Checking,33353.24,2010-01-24
244,605,Credit,25572.99,2004-11-06
245,327,Credit,21466.78,2013-10-01
246,753,Loan,2736.41,2004-10-18
247,835,Loan,1153.19,2015-04-27
248,980,Credit,17930.16,2002-10-02
249,404,Loan,16716.36,2020-09-29
250,629,Savings,19415.37,2004-03-10
251,606,Loan,6961.49,2012-11-14
252,675,Loan,36921.51,2010-07-24
253,611,Loan,42855.37,2022-09-01
254,625,Loan,46938.8,2015-12-03
255,359,Checking,24643.5,2017-12-22
256,603,Checking,35058.24,2024-02-13
257,858,Checking,42784.78,2012-08-16
258,718,Credit,20943.64,2009-10-21
259,17,Credit,15505.17,2004-12-16
260,274,Savings,46839.39,2014-01-15
261,685,Checking,25808.04,2001-08-30
262,116,Credit,24887.83,2012-02-06
263,861,Loan,8961.88,2013-03-14
264,980,Loan,5452.34,2022-08-14
265,693,Checking,42113.24,2024-07-05
266,91,Savings,30725.95,2014-06-22
267,82,Savings,16324.94,2013-02-26
268,324,Loan,9627.22,2015-02-03
269,961,Savings,27797.09,2014-04-13
270,114,Checking,29216.77,2015-04-21
271,769,Loan,10389.33,2009-03-06
272,58,Credit,42577.72,2017-01-14
273,154,Credit,4259.01,2011-05-18
274,877,Savings,17836.85,2008-11-11
275,404,Loan,34035.2,2014-04-07
276,628,Loan,13742.31,2003-02-10
277,855,Credit,41392.38,2005-04-29
278,266,Loan,37006.4,2022-05-08
279,315,Loan,39461.69,2015-10-02
280,715,Loan,5999.37,2011-01-27
281,41,Savings,7070.33,2023-04-23
282,105,Loan,14359.36,2024-10-03
283,901,Checking,25927.95,2018-11-17
284,890,Savings,37413.4,2019-07-20
285,193,Loan,41834.72,2009-06-23
286,401,Loan,35231.55,2012-12-27
287,278,Checking,46433.41,2017-07-05
288,354,Savings,36950.24,2012-08-04
289,749,Credit,15348.08,2014-02-07
290,937,Credit,13290.81,2014-03-05
291,733,Savings,34824.81,2007-05-06
292,580,Loan,9683.88,2011-08-27
293,709,Loan,4681.1,2001-08-04
294,256,Credit,26634.53,2005-07-12
295,651,Credit,41091,2006-12-15
296,824,Credit,5113.92,2014-04-18
297,947,Checking,39604.97,2021-03-03
298,661,Credit,40588.02,2010-02-24
299,99,Checking,24139.59,2023-01-03
300,588,Savings,2912.65,2018-05-13
301,282,Loan,8770.76,2007-03-05
302,883,Credit,35385.94,2006-11-12
303,403,Loan,35603.31,2019-04-17
304,109,Loan,44922.85,2019-07-22
305,700,Credit,29155.17,2014-10-26
306,199,Credit,6249.16,2008-12-27
307,303,Savings,6114.67,2015-06-28
308,327,Checking,36070.56,2008-07-28
309,154,Checking,9230.04,2004-08-13
310,552,Loan,16452.86,2021-03-04
311,645,Credit,24386.24,2024-12-03
312,405,Savings,1287.01,2013-12-02
313,462,Savings,12478.51,2023-07-06
314,132,Savings,20424.09,2015-04-03
315,791,Savings,14017.83,2023-04-17
316,874,Savings,6861.7,2003-08-07
317,84,Checking,36414.21,2022-02-23
318,399,Checking,40666.73,2016-10-10
319,754,Checking,12911.07,2013-02-02
320,628,Credit,38732.25,2018-01-29
321,109,Loan,19308.4,2009-08-08
322,221,Savings,25358.96,2019-06-14
323,904,Credit,42807.25,2009-02-02
324,553,Savings,37510.19,2018-04-20
325,368,Checking,40265.59,2010-01-17
326,147,Credit,6885.42,2013-01-23
327,112,Checking,3532.49,2008-05-09
328,615,Savings,44675.57,2014-11-03
329,558,Savings,19422.32,2022-02-01
330,924,Loan,14429.59,2005-02-25
331,494,Savings,36248.58,2023-12-26
332,505,Checking,41828.96,2002-07-06
333,475,Savings,43131.36,2011-01-04
334,836,Loan,15834.06,2024-10-06
335,890,Loan,42618.01,2001-06-10
336,271,Checking,2094.65,2006-09-15
337,995,Credit,2530.59,2018-10-31
338,421,Savings,31194.78,2018-03-04
339,897,Loan,3202.16,2003-07-20
340,707,Savings,16264.23,2023-03-09
341,367,Savings,33654.16,2011-09-19
342,280,Credit,16896.48,2018-11-06
343,283,Loan,9021.01,2007-12-31
344,40,Savings,14103.46,2012-03-21
345,959,Loan,22905.89,2022-12-15
346,189,Checking,23795.52,2012-10-21
347,164,Checking,39160.86,2012-07-29
348,994,Savings,37520.15,2004-07-14
349,989,Loan,22868.05,2012-04-08
350,536,Savings,42291.08,2014-08-19
351,536,Loan,5756.15,2001-03-16
352,4,Loan,12804.9,2017-09-01
353,835,Credit,41407.42,2022-08-10
354,290,Credit,18930.8,2005-11-04
355,953,Credit,49060.02,2009-05-24
356,433,Savings,23339.35,2017-05-21
357,471,Credit,39607.18,2022-10-28
358,181,Credit,20145.24,2001-11-11
359,248,Checking,21276.43,2021-10-10
360,628,Loan,19175.01,2001-08-04
361,279,Loan,35967.83,2020-03-31
362,877,Credit,27398.52,2009-02-28
363,581,Loan,47191.72,2006-01-09
364,863,Checking,12581.97,2020-02-01
365,254,Checking,5073.11,2018-11-17
366,181,Credit,19693.41,2013-11-24
367,830,Checking,,2007-03-03
368,681,Loan,43046.91,2010-06-15
369,825,Savings,17342.53,2022-04-30
370,509,Loan,32706.65,2013-02-06
371,761,Savings,17542.42,2015-05-14
372,700,Credit,30880.12,2004-03-31
373,566,Savings,44246.16,2018-06-07
374,326,Checking,11606.31,2019-06-05
375,357,Loan,20241.87,2010-10-20
376,825,Savings,49663.6,2018-11-20
377,650,Loan,43434.42,2003-11-14
378,680,Credit,28253.76,2011-01-18
379,391,Credit,25855.55,2021-05-26
380,615,Checking,14265.79,2012-10-17
381,934,Credit,25884.61,2011-02-16
382,85,Savings,42416.67,2006-10-07
383,317,Credit,34274.47,2023-12-12
384,212,Checking,14537.7,2011-07-06
385,515,Loan,10113.12,2024-10-17
386,384,Loan,13297.17,2002-07-14
387,691,Credit,8529.47,2012-09-26
388,342,Savings,4827.25,2004-07-24
389,815,Checking,20985.85,2001-08-23
390,964,Savings,5709.32,2013-10-29
391,988,Checking,8637.03,2007-02-01
392,844,Credit,27388.87,2015-01-21
393,38,Checking,8271.73,2016-05-28
394,511,Checking,3240.79,2011-02-01
395,420,Credit,15903.57,2009-03-03
396,751,Savings,11054.94,2022-11-10
397,169,Credit,25789.49,2009-11-04
398,965,Checking,5163.24,2015-09-17
399,909,Credit,37600.95,2012-03-10
400,343,Checking,45316.36,2020-01-30
401,826,Credit,37184.59,2002-06-12
402,306,Loan,26664.71,2024-10-29
403,542,Loan,43040.36,2004-08-10
404,702,Credit,34761.17,2022-02-17
405,869,Savings,577.03,2022-12-29
406,537,Checking,19734.8,2015-07-13
407,112,Loan,42555.05,2018-02-06
408,411,Savings,17325.65,2008-06-26
409,947,Checking,1809,2004-03-05
410,206,Loan,37321.67,2015-08-15
411,185,Loan,40111.81,2003-11-21
412,382,Credit,8071.66,2012-08-14
413,496,Checking,26890.16,2017-08-09
414,379,Savings,9638.17,2002-10-07
415,47,Savings,35975.76,2023-04-10
416,886,Savings,13613.95,2012-12-16
417,740,Checking,15844.95,2021-04-24
418,551,Savings,42256.29,2005-01-19
419,528,Savings,23842.3,2010-01-10
420,504,Savings,33504.23,2014-04-23
421,22,Credit,20148.53,2007-07-26
422,213,Credit,14935.44,2002-01-30
423,310,Checking,31292.63,2023-05-20
424,661,Checking,7785.14,2010-03-08
425,968,Savings,18681.34,2022-04-08
426,753,Credit,10491.4,2020-04-11
427,272,Loan,34804.96,2023-02-01
428,571,Loan,47213.23,2011-11-15
429,799,Savings,49775.77,2016-12-04
430,938,Savings,22541.33,2018-09-16
431,202,Credit,12663.89,2002-10-07
432,32,Credit,22169.33,2009-11-14
433,443,Credit,42371.11,2017-08-11
434,162,Checking,10339.98,2021-10-20
435,767,Checking,47607.18,2006-12-01
436,254,Savings,17126.2,2017-08-22
437,521,Checking,49290.89,2016-06-09
438,977,Credit,41938.51,2020-05-21
439,651,Credit,40438.1,2002-06-14
440,480,Checking,15929.34,2014-07-25
441,10,Loan,488.42,2018-02-23
442,726,Savings,19137.54,2005-08-06
443,505,Loan,15125.38,2006-01-08
444,785,Savings,1917.98,2009-10-14
445,836,Loan,25292.99,2014-05-03
446,560,Checking,20181.41,2019-12-28
447,436,Savings,31746.1,2008-04-07
448,111,Savings,31078.26,2012-08-26
449,153,Savings,6081.29,2003-07-19
450,635,Credit,48849.43,2024-09-06
451,917,Credit,9387.22,2016-11-10
452,869,Loan,22291.44,2017-10-28
453,102,Checking,24431.47,2012-03-22
454,753,Credit,40662.49,2007-04-20
455,833,Savings,5006.52,2013-08-16
456,191,Credit,21460.78,2019-03-14
457,729,Checking,31443.68,2023-12-05
458,563,Credit,10797.02,2002-11-16
459,804,Savings,31392.02,2019-11-13
460,81,Loan,46187.06,2005-07-14
461,489,Savings,49876.03,2021-04-05
462,895,Checking,1670.93,2023-12-05
463,88,Loan,11817.63,2023-02-15
464,194,Credit,15549.84,2002-10-16
465,104,Credit,19986.35,2002-09-19
466,783,Credit,12150.75,2007-05-04
467,96,Loan,10214.23,2006-06-09
468,423,Savings,47729.96,2001-12-14
469,891,Loan,45930.15,2003-05-01
470,198,Loan,2397.28,2012-02-08
471,1,Checking,16973.71,2005-04-05
472,407,Loan,20287.17,2020-08-24
473,378,Credit,11988.78,2012-12-26
474,167,Savings,31462.2,2018-07-02
475,509,Savings,32037.02,2001-10-10
476,638,Savings,42532.69,2016-08-05
477,313,Credit,37056.42,2011-03-14
478,593,Credit,27151.54,2022-11-05
479,418,Credit,32696.66,2023-11-10
480,763,Credit,13735.74,2011-01-13
481,681,Credit,29673.16,2010-02-21
482,477,Loan,24486.9,2009-08-18
483,73,Credit,6710.56,2009-10-24
484,141,Credit,12165.09,2003-04-22
485,582,Credit,14620.09,2015-07-01
486,262,Credit,46219.26,2024-05-17
487,340,Savings,11557.81,2001-09-07
488,308,Credit,14497.73,2025-02-19
489,245,Loan,18499.24,2006-06-26
490,515,Loan,33203.95,2005-05-14
491,337,Loan,,2009-02-14
492,575,Checking,47699.56,2003-08-12
493,561,Savings,43285.28,2006-10-16
494,76,Credit,28881.94,2013-02-28
495,880,Checking,33718.19,2001-09-02
496,175,Credit,882.19,2014-10-10
497,109,Checking,16980.29,2024-09-06
498,183,Checking,39793.23,2025-03-06
499,192,Loan,3920.27,2012-10-08
500,65,Loan,14151.58,2008-09-14
501,849,Checking,29285.58,2023-03-29
502,963,Loan,12857.83,2020-07-27
503,474,Checking,46702.2,2010-04-04
504,783,Savings,6596.38,2020-08-06
505,100,Loan,39879.85,2005-02-23
506,544,Loan,25422.04,2007-12-05
507,864,Loan,37529.02,2005-06-09
508,128,Savings,15570.23,2018-03-19
509,452,Checking,25748.76,2014-05-07
510,914,Credit,42848.93,2024-04-24
511,369,Loan,23370.56,2023-02-21
512,851,Checking,18018.01,2020-06-14
513,43,Savings,26830.96,2005-01-19
514,884,Credit,35882.27,2002-10-12
515,419,Loan,22205.99,2018-07-11
516,488,Savings,46946.9,2004-09-24
517,78,Savings,14782.54,2010-12-14
518,826,Credit,23799.41,2015-07-17
519,801,Checking,37858.54,2005-09-23
520,270,Loan,34471.6,2023-05-30
521,674,Loan,43188.87,2011-06-09
522,701,Checking,49840.62,2017-08-01
523,759,Checking,21371.57,2011-05-13
524,900,Checking,5601.99,2017-11-30
525,728,Credit,1569.27,2007-04-21
526,315,Credit,36357.5,2012-10-21
527,925,Loan,43706.98,2024-09-17
528,851,Credit,11074.59,2011-08-06
529,902,Savings,7964.48,2006-10-15
530,889,Loan,3157.14,2008-05-22
531,993,Credit,41144.01,2020-08-27
532,945,Checking,15603.53,2022-05-05
533,168,Savings,20114.76,2009-03-10
534,339,Checking,25162.37,2021-04-06
535,193,Loan,41980.69,2023-06-26
536,453,Checking,32559.12,2009-06-11
537,283,Credit,30772.48,2012-05-13
538,336,Credit,8824.82,2019-02-01
539,390,Loan,25683.84,2001-07-26
540,1000,Checking,35783.28,2016-11-18
541,525,Loan,48664.38,2005-02-15
542,240,Checking,10110.25,2011-05-15
543,832,Savings,526.69,2014-06-06
544,958,Credit,3811.31,2023-08-08
545,483,Loan,18823.83,2012-07-01
546,659,Savings,41036.21,2016-06-09
547,716,Savings,406.75,2009-02-14
548,592,Loan,22863.69,2002-09-19
549,891,Loan,16495.07,2002-11-10
550,555,Savings,2671.46,2004-12-21
551,458,Checking,22539.3,2021-04-12
552,89,Savings,12774.7,2020-09-08
553,660,Loan,17626.65,2009-12-23
554,95,Savings,35295.48,2012-07-11
555,452,Checking,26101.47,2005-11-09
556,428,Credit,6276.14,2002-03-04
557,151,Credit,48072.66,2014-03-23
558,514,Savings,31813.74,2009-03-13
559,376,Checking,38305.13,2016-01-25
560,22,Credit,4006.7,2020-06-12
561,883,Savings,2400.57,2012-08-25
562,313,Savings,1021.43,2015-01-28
563,997,Checking,9480.26,2008-06-29
564,840,Loan,20749.7,2003-04-08
565,519,Savings,46794.52,2023-02-12
566,206,Loan,22880.13,2007-11-12
567,952,Loan,14548.24,2020-04-09
568,375,Credit,28118.67,2003-02-25
569,451,Loan,5641.13,2008-07-06
570,626,Checking,30494.82,2023-04-22
571,784,Credit,28443.18,2013-10-17
572,595,Credit,39610.05,2003-05-18
573,179,Credit,49335.05,2019-08-21
574,210,Savings,12581.13,2023-03-03
575,500,Savings,25507.34,2003-06-22
576,464,Loan,45447.83,2003-10-18
577,840,Credit,39270.23,2013-12-27
578,124,Credit,24395.94,2015-02-28
579,993,Checking,47271.31,2007-10-04
580,113,Loan,2908.97,2005-12-25
581,12,Checking,46553.38,2018-06-28
582,126,Loan,2572.84,2001-09-12
583,565,Loan,27387.87,2010-06-22
584,331,Savings,44527.53,2009-04-15
585,901,Savings,13172.91,2010-08-14
586,283,Checking,23638.81,2005-12-30
587,140,Loan,16250.23,2011-05-07
588,401,Credit,47609.59,2011-06-14
589,902,Savings,41191.1,2003-07-26
590,97,Credit,35464.63,2017-07-29
591,517,Checking,29401.97,2001-11-23
592,569,Savings,41038.56,2002-03-09
593,924,Savings,19643.74,2013-08-07
594,846,Loan,22405.22,2007-08-11
595,69,Checking,36513.59,2009-01-12
596,118,Loan,17919.85,2019-01-14
597,888,Savings,3241.85,2003-06-27
598,59,Checking,3763.01,2005-02-03
599,33,Savings,5812.37,2024-07-15
600,318,Checking,43490.58,2023-01-17
601,50,Savings,23637.71,2019-06-30
602,880,Credit,35658.47,2019-10-14
603,489,Credit,19675.82,2009-09-03
604,19,Loan,12972.61,2012-03-08
605,726,Credit,17392.25,2006-06-13
606,197,Savings,39719.41,2003-10-27
607,891,Savings,31279.55,2012-07-30
608,450,Credit,46885.11,2015-09-24
609,990,Loan,34001.25,2016-10-04
610,559,Credit,28530.57,2017-03-28
611,679,Checking,30529.29,2011-07-04
612,452,Checking,47121.45,2004-08-29
613,289,Checking,39420.64,2023-08-31
614,141,Credit,1250.86,2011-04-23
615,84,Credit,26730.28,2023-10-08
616,694,Credit,34432.5,2002-06-13
617,391,Checking,37447.49,2019-06-15
618,591,Loan,10696.45,2019-02-22
619,215,Savings,43365.51,2022-07-23
620,526,Credit,47794.37,2003-09-04
621,215,Loan,11873.93,2016-06-25
622,403,Savings,44136.64,2011-02-27
623,128,Savings,4894.09,2009-01-21
624,822,Savings,2832.56,2010-09-08
625,477,Loan,6504.73,2002-05-04
626,760,Loan,2934.17,2008-11-11
627,404,Checking,42258.36,2020-05-12
628,29,Loan,2999.55,2005-08-14
629,792,Loan,13619.63,2009-11-06
630,338,Loan,5232.63,2010-02-21
631,831,Savings,14806.33,2015-03-04
632,714,Credit,4573.45,2004-04-19
633,361,Checking,33416.76,2011-02-03
634,569,Credit,6709.67,2007-12-02
635,392,Credit,42599.7,2004-01-01
636,218,Loan,40868.69,2011-07-18
637,574,Checking,732.4,2020-01-03
638,669,Credit,44791.53,2009-02-02
639,202,Credit,1495.77,2012-04-23
640,17,Checking,12020.31,2005-01-01
641,322,Loan,1667.84,2009-01-20
642,518,Credit,16825.38,2013-01-28
643,570,Savings,25717.63,2015-03-31
644,325,Credit,39842.41,2007-06-11
645,412,Savings,16932.18,2018-04-26
646,318,Loan,35289.23,2016-09-27
647,681,Credit,9415.85,2003-09-21
648,965,Checking,37542.39,2008-09-22
649,82,Checking,11838.03,2010-06-01
650,474,Credit,7220.06,2021-01-16
651,468,Loan,9311.17,2002-11-23
652,425,Loan,9144.05,2015-06-24
653,945,Checking,25667.5,2006-03-15
654,731,Credit,42247.64,2004-05-05
655,689,Loan,,2015-07-03
656,204,Checking,35362.47,2007-08-06
657,583,Savings,32734.61,2018-06-14
658,387,Credit,43632.37,2016-01-30
659,778,Savings,12245.17,2012-06-15
660,98,Savings,22532.99,2016-08-14
661,345,Loan,46295.08,2013-09-15
662,803,Loan,33016.67,2008-10-28
663,208,Loan,19468.98,2020-11-18
664,514,Credit,6614.05,2004-06-10
665,636,Savings,13161.13,2022-09-04
666,792,Credit,29081.71,2008-02-13
667,586,Loan,35922.49,2010-07-30
668,166,Savings,6264.87,2020-10-06
669,22,Credit,29999.88,2018-03-20
670,154,Credit,27540.05,2003-10-08
671,939,Checking,25722.07,2014-06-08
672,439,Credit,34521.65,2005-03-03
673,295,Loan,41880.61,2001-04-16
674,219,Credit,16183.33,2022-09-07
675,669,Savings,44456.16,2019-01-04
676,495,Credit,8073.65,2016-06-30
677,230,Checking,8692.54,2013-05-16
678,20,Savings,13375.26,2021-01-13
679,987,Savings,6020.57,2022-08-03
680,553,Checking,11554.45,2021-06-07
681,950,Loan,5365.27,2009-09-23
682,148,Savings,41096.53,2019-03-19
683,108,Loan,6991.5,2010-04-26
684,403,Savings,37377.51,2007-12-30
685,596,Savings,2443.3,2009-06-02
686,483,Loan,47428.59,2001-04-02
687,367,Savings,35572.45,2002-06-25
688,834,Loan,389.49,2020-01-27
689,414,Checking,38204.63,2003-10-30
690,309,Loan,25728.39,2024-03-22
691,802,Checking,38979.29,2022-04-19
692,918,Savings,26148.72,2024-08-28
693,835,Loan,32069.19,2004-01-28
694,134,Savings,39327.27,2011-08-15
695,719,Loan,20285.15,2009-12-29
696,283,Checking,185.27,2007-08-30
697,778,Checking,42504.83,2004-01-02
698,73,Loan,19075.47,2003-02-28
699,481,Checking,24827.33,2012-11-14
700,352,Savings,437.94,2020-05-03
701,560,Savings,24630,2001-06-19
702,326,Credit,49325.05,2021-09-14
703,745,Checking,13949.47,2011-06-08
704,443,Savings,19801.14,2019-07-25
705,100,Loan,34375.14,2020-12-19
706,59,Checking,40748.94,2003-07-25
707,508,Savings,20898.71,2018-04-03
708,258,Checking,15517.96,2008-11-12
709,413,Loan,46894.4,2021-03-30
710,452,Savings,33873.39,2011-12-24
711,65,Credit,5995.11,2002-03-31
712,595,Credit,3492.95,2012-04-10
713,154,Checking,24203.32,2014-06-13
714,985,Loan,11043.5,2005-09-03
715,266,Savings,12736.54,2005-12-24
716,821,Loan,43890.72,2016-02-06
717,79,Savings,4523.82,2003-10-10
718,315,Checking,35782.44,2017-09-16
719,662,Savings,13593.56,2022-10-27
720,947,Loan,38028.39,2002-11-17
721,560,Loan,36134.45,2014-06-01
722,917,Checking,419.23,2016-03-29
723,891,Loan,25481.31,2013-09-20
724,248,Savings,7009.01,2012-02-20
725,790,Checking,43318.04,2019-12-21
726,868,Savings,43585.71,2019-05-06
727,610,Loan,20946.37,2022-09-27
728,414,Checking,22247.56,2007-08-13
729,25,Savings,15198.98,2024-12-15
730,284,Loan,35844.48,2021-08-29
731,449,Loan,17965.14,2015-01-23
732,881,Credit,13426.23,2007-12-01
733,301,Loan,21639.94,2024-03-22
734,68,Savings,4619.8,2023-02-03
735,7,Checking,37342.83,2014-02-21
736,817,Credit,679.19,2022-02-08
737,137,Loan,32242.03,2008-08-20
738,164,Loan,9184.08,2018-06-16
739,83,Loan,11658.58,2016-03-16
740,897,Savings,31799.82,2011-03-01
741,650,Credit,49647.53,2024-09-24
742,420,Savings,38896.99,2019-04-13
743,73,Credit,11330.69,2005-04-26
744,237,Checking,8842.44,2016-05-07
745,46,Savings,43318.33,2010-09-21
746,618,Savings,22236.99,2011-06-26
747,928,Checking,6895.79,2013-05-30
748,800,Credit,43117.46,2017-11-17
749,262,Loan,40813.81,2006-11-15
750,176,Checking,49196.12,2022-08-21
751,166,Loan,45491.7,2007-01-10
752,657,Loan,42596.93,2019-07-10
753,842,Checking,2676.09,2014-02-16
754,370,Credit,5265.55,2002-02-14
755,795,Loan,28470.71,2010-02-28
756,54,Checking,26597.39,2009-01-19
757,690,Savings,22925.26,2014-05-10
758,419,Savings,19869.63,2004-01-10
759,756,Savings,21588.96,2002-10-25
760,507,Checking,28486.43,2017-02-19
761,341,Savings,153.72,2014-04-06
762,127,Loan,13072.4,2005-12-11
763,409,Savings,25938.07,2024-04-17
764,924,Savings,36124.69,2019-11-18
765,367,Loan,8749.13,2008-10-15
766,271,Savings,27366.71,2006-12-18
767,644,Loan,35737.26,2005-07-07
768,605,Savings,22259.15,2020-05-12
769,379,Loan,1402.7,2005-02-16
770,73,Savings,22490.94,2016-12-16
771,923,Loan,14857.42,2012-12-05
772,922,Checking,46486,2010-06-06
773,915,Loan,6274.44,2009-11-15
774,248,Savings,32641.17,2010-02-18
775,860,Savings,2683.35,2021-11-27
776,785,Credit,,2014-10-03
777,43,Loan,27721.28,2009-01-19
778,377,Checking,14932.85,2010-11-25
779,41,Loan,22781.03,2016-08-01
780,170,Loan,8219.51,2024-04-17
781,946,Checking,15240.99,2018-06-25
782,212,Loan,31074.26,2018-04-11
783,493,Checking,15124.91,2009-10-05
784,680,Checking,44992.17,2017-09-26
785,39,Loan,31438.93,2006-10-09
786,369,Loan,21960.52,2016-06-25
787,757,Savings,1985.91,2023-10-28
788,151,Savings,25002.44,2016-04-13
789,111,Credit,38250.57,2019-05-31
790,480,Credit,13314.6,2024-06-25
791,436,Loan,40348.34,2011-06-22
792,47,Checking,12627.75,2007-03-20
793,575,Credit,41196.13,2017-09-26
794,737,Loan,4309.15,2002-02-04
795,366,Credit,43315.88,2017-09-08
796,69,Checking,24984.36,2013-05-06
797,299,Loan,14862.05,2019-03-19
798,944,Checking,13292.41,2008-11-15
799,802,Loan,21628.93,2002-06-29
800,296,Credit,49952.52,2013-08-08
801,203,Savings,11055.35,2018-12-15
802,61,Credit,5205.67,2003-05-23
803,946,Credit,29272.51,2015-03-14
804,963,Savings,24452.7,2008-02-29
805,830,Savings,26233.6,2020-08-08
806,314,Loan,33363.42,2020-10-23
807,161,Loan,13393.85,2013-05-24
808,331,Checking,45537.72,2008-07-11
809,528,Checking,21811.82,2011-11-23
810,338,Credit,,2010-04-14
811,606,Savings,37127.82,2004-02-25
812,304,Checking,32173.06,2019-12-07
813,503,Credit,15821.38,2022-04-19
814,650,Savings,31094.86,2016-02-24
815,338,Loan,11032.1,2020-05-23
816,550,Credit,22269.73,2004-12-22
817,639,Loan,44975.66,2017-07-17
818,275,Checking,6720.03,2016-09-25
819,164,Checking,19365.49,2010-11-09
820,443,Savings,41066.06,2013-04-24
821,319,Credit,48476.07,2016-02-20
822,589,Loan,22723.61,2020-03-18
823,504,Savings,25374.63,2018-01-30
824,686,Checking,28629.99,2012-04-09
825,387,Checking,46620.79,2006-03-01
826,970,Credit,42917.43,2010-04-26
827,870,Loan,8571.53,2022-09-04
828,833,Credit,21866.05,2016-03-18
829,888,Loan,23226.82,2009-10-19
830,603,Loan,39465.35,2023-01-11
831,750,Credit,30164.5,2004-05-26
832,776,Savings,32728.31,2016-02-18
833,691,Credit,49910.09,2010-06-11
834,494,Credit,3794.25,2017-12-01
835,490,Checking,11189.34,2022-02-07
836,721,Checking,20424.4,2003-01-01
837,73,Credit,17421.73,2012-05-07
838,509,Credit,1131.2,2007-08-06
839,390,Checking,4634.29,2024-11-30
840,619,Loan,34063.62,2007-07-17
841,857,Credit,43972.26,2024-06-10
842,295,Savings,25735.64,2007-03-06
843,369,Savings,26982.59,2022-05-09
844,956,Savings,12791.92,2015-07-15
845,796,Credit,38405.42,2002-06-01
846,865,Loan,37602.14,2009-05-07
847,694,Loan,29438.87,2016-06-06
848,549,Checking,10672.58,2020-01-05
849,649,Credit,4896.06,2023-12-26
850,850,Loan,3258.72,2017-12-07
851,568,Credit,29655.17,2010-05-24
852,187,Checking,41260.51,2017-04-15
853,853,Checking,42923.61,2022-06-15
854,770,Checking,23207.92,2012-04-03
855,445,Savings,39224.35,2010-04-09
856,570,Credit,47346.67,2012-08-19
857,363,Checking,13794.75,2011-08-27
858,123,Credit,19928.12,2008-04-25
859,188,Savings,46577.38,2004-06-16
860,742,Savings,16944.64,2005-10-13
861,680,Checking,45698.12,2017-11-20
862,420,Checking,49053.19,2021-01-28
863,626,Loan,33107.45,2001-05-26
864,252,Credit,40853.67,2021-11-25
865,619,Checking,37489.8,2008-10-24
866,549,Loan,34991.74,2003-07-05
867,335,Credit,15381.21,2024-03-17
868,92,Checking,2901.86,2016-02-21
869,530,Loan,17185.43,2003-07-20
870,866,Loan,33363.45,2016-05-17
871,63,Credit,5171.33,2010-09-29
872,662,Loan,645.3,2004-09-24
873,512,Credit,7027.63,2023-03-04
874,139,Credit,35801.01,2003-01-31
875,698,Credit,48641.05,2007-03-15
876,185,Savings,49154.08,2010-12-21
877,205,Loan,24724.26,2006-10-23
878,772,Credit,43474.15,2015-05-20
879,214,Checking,36854.48,2024-03-25
880,256,Savings,25076.96,2008-09-16
881,135,Savings,28659.39,2011-08-26
882,573,Loan,6904.5,2022-10-01
883,875,Credit,46886.19,2016-11-22
884,822,Loan,17628.89,2001-03-14
885,88,Savings,22335.16,2017-06-18
886,836,Credit,33599.43,2005-11-10
887,988,Checking,16728.43,2024-04-25
888,207,Credit,12750.25,2005-06-04
889,129,Savings,31570.92,2006-10-04
890,823,Checking,1297.95,2014-03-04
891,3,Credit,36050.22,2020-01-26
892,974,Checking,25725.47,2004-09-22
893,934,Checking,30307.4,2001-03-31
894,754,Savings,31612.41,2007-01-07
895,121,Checking,26376.16,2002-08-17
896,385,Loan,29147.56,2004-01-26
897,614,Savings,34205.22,2006-06-17
898,38,Loan,37668.29,2008-06-24
899,341,Checking,36386.25,2010-06-23
900,925,Loan,43487.34,2023-10-06
901,645,Credit,9512.7,2016-09-28
902,714,Checking,20087.34,2003-06-24
903,860,Credit,,2002-04-15
904,21,Loan,19859.7,2007-08-28
905,242,Credit,6287.26,2013-07-24
906,455,Checking,26295.98,2016-11-05
907,963,Credit,5519.07,2005-06-14
908,621,Loan,10182.52,2003-02-01
909,303,Loan,49916.02,2007-10-21
910,596,Loan,27091.06,2018-04-07
911,595,Checking,14238.72,2024-02-16
912,803,Loan,49739.01,2002-11-04
913,964,Checking,48329.62,2009-08-30
914,69,Credit,22064.92,2012-04-22
915,129,Loan,13057.14,2015-01-09
916,196,Credit,41928.06,2007-07-07
917,140,Savings,35795.25,2008-02-24
918,444,Credit,34362.72,2014-07-15
919,283,Savings,44661.03,2012-03-03
920,312,Credit,34486.39,2008-12-14
921,746,Checking,14225.71,2021-08-04
922,535,Credit,34708.46,2012-10-08
923,665,Checking,15325.38,2020-10-18
924,277,Checking,37973.99,2020-07-20
925,61,Loan,31006.41,2025-01-22
926,319,Checking,3916.71,2012-12-20
927,890,Savings,25666.13,2017-03-04
928,52,Loan,17197.88,2014-05-22
929,856,Loan,16462.1,2014-06-17
930,153,Credit,30132.7,2024-12-29
931,749,Checking,16150.12,2003-06-06
932,311,Checking,38855.84,2002-10-18
933,814,Savings,3586.03,2024-05-10
934,544,Credit,33036.39,2005-06-10
935,567,Credit,40469.28,2022-08-01
936,864,Loan,33657.94,2022-12-13
937,389,Loan,24886.6,2012-11-23
938,548,Loan,47517.84,2017-05-15
939,622,Savings,15031.93,2024-03-14
940,177,Savings,1007.44,2008-04-06
941,362,Loan,21627.87,2010-12-20
942,314,Credit,1698.95,2008-07-05
943,807,Savings,47699.14,2019-01-02
944,848,Credit,10535.41,2019-03-02
945,97,Credit,39456.9,2018-05-20
946,881,Checking,38739.88,2014-02-11
947,213,Loan,10925.56,2021-12-09
948,829,Checking,31080.27,2013-04-06
949,137,Loan,2451.54,2018-10-07
950,6,Loan,24204.55,2012-02-13
951,109,Credit,781.62,2020-09-25
952,547,Loan,46061.14,2006-12-09
953,39,Credit,48805.5,2003-09-26
954,662,Credit,11153.02,2013-02-24
955,425,Loan,10444.9,2007-09-14
956,630,Credit,37698.32,2019-02-10
957,261,Credit,12706.3,2019-02-28
958,426,Credit,44759.07,2002-04-29
959,87,Savings,28717.76,2010-11-03
960,465,Credit,17571.34,2023-09-11
961,76,Savings,41643.05,2018-11-24
962,471,Savings,24695.66,2018-05-01
963,976,Credit,45586.06,2022-07-05
964,963,Credit,46404.31,2025-01-01
965,414,Savings,8312.74,2024-08-28
966,825,Savings,166.05,2022-01-11
967,895,Credit,49197.35,2022-05-09
968,726,Credit,45311.57,2002-04-20
969,457,Loan,2819.49,2020-07-09
970,285,Savings,41660.06,2021-10-21
971,239,Savings,22917.36,2010-02-11
972,677,Loan,12985.13,2016-09-01
973,599,Savings,43943.39,2016-08-28
974,653,Checking,9873.53,2016-05-17
975,672,Savings,47367.63,2004-01-17
976,558,Loan,10320.79,2021-07-30
977,372,Checking,30703.48,2004-10-04
978,495,Credit,11193.16,2002-09-20
979,624,Loan,27306.15,2013-01-12
980,919,Loan,34214.56,2005-06-12
981,45,Credit,9551.89,2017-02-12
982,401,Loan,26068.24,2008-10-22
983,247,Savings,23479.53,2014-03-13
984,616,Credit,3598.32,2020-05-21
985,597,Loan,40924.48,2024-04-29
986,450,Credit,16817.34,2016-01-03
987,485,Credit,28750.38,2013-01-29
988,646,Credit,25763.47,2023-06-28
989,620,Checking,25687.36,2004-11-25
990,18,Loan,5405.76,2007-04-07
991,606,Checking,21202.93,2015-11-30
992,662,Loan,22645.72,2021-11-10
993,758,Savings,36695.46,2014-02-24
994,289,Savings,42008.94,2022-03-26
995,414,Savings,27271.86,2007-06-07
996,721,Loan,4384.81,2015-01-21
997,638,Credit,11880.63,2001-12-27
998,235,Credit,8288.45,2020-10-26
999,416,Checking,6274.52,2007-07-25
1000,938,Checking,18326.67,2019-12-10
1001,499,Savings,11508.21,2002-12-13
1002,974,Checking,10954.24,2010-04-25
1003,634,Loan,2781.92,2007-08-18
1004,650,Loan,932.62,2017-07-09
1005,115,Checking,5183.27,2001-04-12
1006,932,Checking,8651.26,2010-04-24
1007,674,Checking,21577.64,2004-10-21
1008,713,Checking,25550.49,2013-08-30
1009,234,Savings,7072.57,2024-01-07
1010,540,Savings,21267.93,2014-01-13
1011,11,Checking,17120.35,2009-09-04
1012,206,Loan,9212.01,2006-03-04
1013,679,Savings,391.7,2021-01-26
1014,247,Loan,23377.54,2018-04-01
1015,559,Credit,34298.3,2019-02-01
1016,758,Loan,11352.55,2007-08-07
1017,127,Checking,6633.75,2006-07-28
1018,147,Credit,44357.79,2015-11-11
1019,118,Savings,13787.49,2004-12-25
1020,911,Savings,11219.45,2013-12-30
1021,382,Credit,42861.99,2018-11-27
1022,412,Loan,40864.5,2013-12-14
1023,664,Savings,22444.91,2020-04-23
1024,584,Checking,24487.48,2002-07-10
1025,363,Credit,,2009-11-01
1026,509,Checking,3961.17,2017-11-10
1027,137,Credit,28692.92,2016-12-07
1028,175,Savings,4962.33,2021-09-05
1029,289,Loan,22491.26,2015-07-17
1030,958,Credit,47027.84,2010-10-07
1031,481,Credit,47644.08,2012-06-29
1032,19,Checking,12004.65,2017-07-14
1033,195,Savings,31224.47,2005-04-09
1034,330,Checking,23730.11,2007-08-19
1035,936,Savings,43790.47,2003-12-02
1036,175,Checking,13607.97,2021-07-01
1037,449,Credit,234.94,2020-08-09
1038,925,Checking,8169.93,2005-02-12
1039,946,Loan,17508.66,2010-04-07
1040,354,Savings,15820.27,2008-05-23
1041,499,Savings,39578.58,2010-06-13
1042,141,Credit,34044.01,2020-12-26
1043,758,Savings,15012.84,2011-04-05
1044,897,Loan,22914.3,2003-03-31
1045,930,Checking,,2007-10-20
1046,93,Credit,44912.41,2021-03-03
1047,944,Loan,46774.47,2015-10-08
1048,239,Savings,48991.19,2021-03-28
1049,205,Savings,43434.21,2017-12-05
1050,560,Loan,8739.35,2012-10-03
1051,433,Checking,2357.51,2015-10-20
1052,245,Checking,29000.86,2008-02-21
1053,832,Credit,45634.62,2008-06-29
1054,317,Savings,8908.7,2003-10-06
1055,925,Loan,401.79,2005-11-23
1056,295,Checking,40284.53,2019-10-17
1057,640,Credit,3885.94,2003-10-07
1058,856,Savings,20714.62,2016-02-07
1059,282,Savings,33960.42,2005-05-22
1060,17,Credit,11878.04,2003-04-27
1061,71,Credit,4243.93,2006-05-10
1062,269,Checking,38512.56,2020-05-11
1063,325,Loan,31527.25,2002-12-21
1064,794,Savings,49425.1,2009-09-29
1065,305,Loan,17248.19,2012-12-23
1066,451,Savings,3135.03,2020-08-10
1067,7,Savings,36730.78,2005-05-20
1068,314,Loan,26110.58,2002-01-31
1069,817,Credit,10699.54,2022-03-27
1070,103,Checking,39097.36,2011-01-08
1071,821,Savings,10227.59,2016-01-25
1072,193,Credit,13070.05,2010-07-29
1073,753,Savings,4671.8,2010-01-30
1074,574,Checking,20001.64,2020-01-15
1075,529,Savings,20975.51,2007-12-22
1076,171,Checking,25752.36,2024-05-01
1077,537,Checking,35462.77,2007-12-01
1078,251,Savings,45309.74,2020-09-12
1079,765,Savings,6929.82,2010-10-27
1080,387,Checking,2764.69,2005-02-24
1081,207,Credit,975.64,2003-01-04
1082,541,Loan,7223.89,2010-11-14
1083,629,Checking,32914.58,2016-11-08
1084,416,Savings,36387.48,2011-03-17
1085,794,Savings,39335.96,2024-09-11
1086,380,Credit,12223.23,2015-02-10
1087,144,Loan,15329.45,2007-06-27
1088,25,Checking,24182.58,2015-06-18
1089,822,Checking,3206,2021-06-20
1090,668,Loan,30576.52,2006-03-06
1091,73,Checking,49187.56,2018-06-14
1092,632,Loan,18072.28,2019-11-20
1093,824,Savings,37654.73,2009-12-03
1094,833,Loan,25026.69,2010-11-30
1095,93,Checking,6434.2,2016-07-03
1096,505,Loan,29132.76,2021-08-28
1097,598,Credit,15028.72,2008-02-28
1098,336,Savings,1768.44,2010-04-28
1099,425,Savings,31764.74,2014-01-25
1100,499,Loan,42953.67,2009-06-02
1101,364,Checking,17271.25,2009-10-24
1102,947,Credit,19545.26,2007-04-21
1103,630,Savings,44556.53,2016-01-12
1104,745,Savings,40689.76,2011-07-27
1105,199,Checking,35761.89,2023-06-21
1106,718,Checking,12477.41,2014-02-08
1107,413,Credit,45515.32,2021-08-20
1108,339,Loan,7763.07,2018-08-24
1109,659,Checking,31357.19,2016-10-31
1110,962,Loan,1488.62,2010-03-12
1111,937,Credit,32203.8,2008-08-06
1112,429,Loan,13893.36,2022-03-16
1113,783,Savings,22511.37,2022-09-04
1114,899,Loan,17295.96,2002-08-31
1115,139,Credit,8679.2,2015-03-26
1116,693,Credit,31117.94,2005-08-01
1117,942,Credit,44104.68,2007-07-31
1118,542,Loan,47956.26,2001-08-24
1119,57,Savings,9657.7,2005-10-01
1120,232,Checking,35882.77,2012-08-19
1121,658,Savings,33233.75,2018-12-26
1122,435,Loan,17201.72,2010-01-06
1123,384,Loan,1004.01,2014-03-10
1124,560,Checking,34505.07,2014-12-07
1125,194,Loan,47277.47,2004-05-19
1126,736,Credit,31624.4,2018-05-14
1127,648,Credit,21792.87,2019-01-08
1128,534,Credit,26281.44,2001-09-08
1129,518,Credit,10021.46,2008-02-12
1130,716,Credit,37539.68,2022-10-22
1131,751,Loan,37333.67,2004-09-11
1132,185,Checking,7318.59,2024-11-02
1133,872,Checking,43905.02,2004-03-10
1134,292,Credit,13496.03,2021-12-17
1135,335,Loan,49113.69,2005-01-22
1136,732,Savings,19176.01,2023-04-10
1137,116,Savings,8935.31,2007-06-17
1138,825,Loan,17618.42,2020-09-01
1139,49,Credit,22037.01,2020-01-07
1140,685,Checking,3511.92,2018-01-09
1141,82,Loan,28932.01,2019-04-17
1142,834,Savings,29901.74,2022-08-05
1143,333,Savings,36959.58,2016-03-30
1144,557,Savings,1507.04,2006-02-12
1145,335,Credit,27084.85,2003-01-03
1146,532,Savings,2692.73,2020-03-07
1147,960,Loan,35072.15,2015-03-14
1148,221,Loan,2833.61,2020-02-14
1149,635,Savings,45590.81,2011-03-10
1150,746,Loan,35119.02,2018-07-21
1151,733,Savings,25394.12,2020-10-15
1152,323,Savings,22103.12,2021-11-27
1153,851,Checking,6577.1,2004-11-15
1154,3,Credit,14585.42,2010-02-12
1155,694,Credit,43454.51,2009-11-13
1156,206,Checking,45227.42,2015-09-10
1157,832,Checking,87.35,2002-12-08
1158,40,Credit,29727.11,2017-05-13
1159,59,Savings,35979.07,2002-02-06
1160,951,Savings,30956.41,2014-04-25
1161,574,Credit,4129.9,2007-05-14
1162,644,Savings,10925.36,2018-05-12
1163,507,Checking,12554.5,2001-07-28
1164,572,Savings,41594.65,2014-04-05
1165,884,Savings,,2023-09-15
1166,843,Loan,24367.07,2018-11-23
1167,122,Loan,46747.91,2002-02-07
1168,479,Loan,31872.44,2005-11-24
1169,619,Savings,44938.45,2012-10-01
1170,96,Credit,22852.62,2019-09-05
1171,859,Checking,7514.34,2024-10-16
1172,414,Savings,46500.28,2023-08-04
1173,235,Credit,22962.32,2018-04-11
1174,898,Savings,9122.49,2001-11-01
1175,62,Checking,15154.67,2011-11-02
1176,256,Savings,2587.59,2005-03-12
1177,561,Checking,23441.61,2009-05-25
1178,905,Savings,42663.75,2003-05-05
1179,348,Checking,46682.34,2007-08-12
1180,671,Savings,46633.48,2012-04-04
1181,124,Checking,6305.24,2013-11-18
1182,482,Loan,19133.59,2004-09-14
1183,317,Savings,1460.03,2019-10-26
1184,504,Savings,42765.51,2023-07-14
1185,719,Credit,17969.85,2018-10-19
1186,48,Credit,31574.3,2020-02-04
1187,409,Checking,35759.18,2011-11-27
1188,932,Savings,21520.74,2023-10-12
1189,136,Checking,15356.79,2022-11-08
1190,201,Loan,48112.53,2016-01-14
1191,250,Credit,48226.19,2010-03-01
1192,314,Checking,14507.35,2016-10-22
1193,869,Checking,24007.27,2017-05-17
1194,368,Credit,48643.57,2016-05-18
1195,429,Savings,293.18,2006-01-20
1196,830,Checking,20663.28,2018-03-07
1197,807,Credit,5067.85,2012-08-28
1198,480,Savings,25482.44,2022-03-06
1199,314,Loan,1282.26,2016-04-05
1200,500,Credit,20374.58,2009-04-17
1201,721,Checking,11073.92,2024-10-30
1202,355,Loan,26688.75,2021-02-09
1203,485,Savings,49799.88,2010-07-18
1204,211,Savings,40036.78,2018-03-30
1205,704,Credit,42289.82,2011-05-26
1206,44,Credit,31781.49,2022-09-03
1207,541,Credit,2125.91,2007-11-29
1208,571,Savings,10379.54,2017-11-04
1209,583,Loan,46256.97,2012-11-25
1210,92,Savings,18337.35,2019-03-24
1211,265,Checking,5226.65,2019-11-03
1212,895,Savings,35135.15,2019-09-03
1213,220,Checking,15007.91,2004-09-03
1214,902,Loan,13479.4,2015-11-15
1215,925,Credit,49898.97,2022-03-29
1216,442,Credit,42914.04,2002-04-22
1217,401,Savings,20426.49,2015-02-24
1218,400,Credit,49014.05,2016-09-27
1219,727,Loan,32523.16,2017-08-13
1220,991,Credit,37114.02,2018-06-18
1221,899,Savings,1624.08,2010-04-06
1222,789,Loan,6124.18,2020-10-30
1223,576,Checking,31672.6,2019-08-27
1224,858,Savings,44956.25,2011-04-01
1225,804,Checking,31206,2004-03-12
1226,490,Loan,6744.54,2022-07-18
1227,485,Savings,5832.21,2011-02-05
1228,757,Savings,42217.09,2021-11-02
1229,470,Loan,7008.15,2014-01-17
1230,574,Credit,26035.59,2024-10-11
1231,938,Savings,1903.81,2004-04-18
1232,844,Savings,4079.45,2003-03-07
1233,682,Checking,33633.8,2004-12-21
1234,445,Credit,34474.61,2019-03-03
1235,269,Checking,17106.4,2025-01-26
1236,267,Checking,10819.71,2005-07-25
1237,54,Credit,40694.83,2023-08-29
1238,528,Credit,10894.31,2006-11-06
1239,520,Loan,27124.25,2005-08-20
1240,616,Credit,48412.03,2023-09-26
1241,59,Savings,7435.23,2017-10-17
1242,825,Credit,47046.77,2019-05-04
1243,40,Loan,9185.51,2003-09-10
1244,237,Loan,28393.79,2002-05-14
1245,955,Loan,18881.54,2004-07-08
1246,386,Credit,48248.18,2020-06-27
1247,606,Credit,13713.42,2014-10-22
1248,734,Checking,20012.92,2016-05-25
1249,716,Checking,49143.86,2002-11-21
1250,650,Savings,26846.7,2024-10-14
1251,300,Checking,25156.37,2018-10-24
1252,395,Savings,12926.04,2019-01-04
1253,207,Loan,35083.11,2003-04-07
1254,336,Checking,767.93,2017-04-10
1255,593,Credit,2523.16,2018-10-25
1256,730,Checking,29987.96,2016-03-02
1257,514,Savings,17116.64,2003-11-05
1258,178,Checking,47668.15,2012-02-17
1259,396,Loan,45164.38,2001-07-16
1260,371,Credit,35699.63,2002-11-23
1261,858,Savings,40916.37,2010-11-03
1262,791,Credit,33383.23,2011-10-26
1263,658,Credit,6322.83,2010-03-20
1264,318,Savings,38288.89,2016-09-08
1265,736,Credit,10549.09,2024-02-02
1266,369,Credit,16205.97,2003-06-13
1267,384,Checking,40970.75,2020-06-25
1268,62,Credit,26849.45,2022-06-12
1269,806,Credit,43004.04,2017-09-20
1270,505,Credit,10691.11,2005-11-13
1271,239,Credit,30408.53,2014-12-17
1272,195,Savings,4235.36,2021-06-26
1273,678,Loan,32170.9,2009-09-10
1274,963,Checking,38138.58,2009-08-17
1275,222,Credit,29267.3,2015-01-14
1276,61,Credit,13348.26,2011-11-13
1277,129,Savings,1615.57,2002-04-10
1278,990,Loan,6016.47,2023-07-17
1279,685,Credit,31134.03,2013-05-28
1280,992,Savings,46724.29,2006-12-22
1281,156,Checking,10366.39,2017-11-28
1282,917,Checking,36764.56,2007-06-05
1283,378,Credit,43329.23,2018-05-10
1284,622,Credit,26068.06,2011-11-21
1285,781,Loan,33479.83,2024-11-09
1286,923,Loan,40760.02,2001-11-24
1287,868,Credit,13070.72,2006-06-29
1288,903,Savings,14879.94,2018-07-04
1289,790,Loan,81.34,2002-03-12
1290,586,Credit,48156.55,2022-08-28
1291,999,Loan,45881.37,2014-09-25
1292,437,Credit,38240.18,2003-04-07
1293,975,Checking,3999.85,2018-05-28
1294,207,Credit,22402.77,2007-09-01
1295,388,Checking,5139.49,2024-07-20
1296,480,Loan,845.22,2023-07-11
1297,791,Credit,30828.34,2019-12-08
1298,887,Loan,48043.43,2004-10-22
1299,838,Checking,45148.26,2021-11-03
1300,984,Credit,34852.9,2024-03-12
1301,340,Loan,4877.2,2024-04-18
1302,869,Checking,13744.49,2013-07-31
1303,340,Loan,16036.83,2021-05-08
1304,204,Savings,38169.35,2004-04-23
1305,161,Checking,40122.35,2012-01-23
1306,540,Checking,19286.05,2006-07-08
1307,392,Checking,20923.31,2024-02-29
1308,769,Credit,2273.23,2007-06-08
1309,677,Credit,14492.38,2015-08-06
1310,575,Credit,22591.69,2016-08-21
1311,534,Savings,5893.3,2006-12-19
1312,70,Savings,22690.71,2003-10-22
1313,893,Checking,42666.13,2002-12-01
1314,405,Savings,29086.98,2004-05-05
1315,608,Loan,3992.55,2008-01-31
1316,675,Checking,9623.98,2004-06-12
1317,591,Checking,23753.49,2017-04-04
1318,517,Loan,18106.28,2018-03-04
1319,828,Checking,17968.41,2002-12-17
1320,120,Savings,26486.91,2021-05-29
1321,814,Credit,29240.58,2008-10-09
1322,690,Loan,39853.24,2022-03-19
1323,688,Savings,17081.28,2020-12-25
1324,902,Loan,40283.04,2019-11-15
1325,217,Loan,16963.63,2007-01-25
1326,56,Checking,2818.88,2013-12-05
1327,366,Checking,27731.67,2018-09-26
1328,699,Savings,29415.72,2023-05-12
1329,504,Loan,46730.29,2015-12-11
1330,744,Checking,36316.76,2012-08-03
1331,767,Checking,45892.74,2022-07-15
1332,925,Loan,45421.94,2010-12-22
1333,455,Savings,30248.48,2010-12-26
1334,104,Savings,26411.72,2013-03-18
1335,77,Loan,27894.18,2004-08-03
1336,230,Savings,48917.62,2015-10-25
1337,914,Checking,38669.73,2008-06-10
1338,258,Loan,5357.98,2015-01-18
1339,264,Checking,38932.5,2021-12-05
1340,331,Credit,8568.38,2015-02-25
1341,993,Credit,22395.16,2005-11-12
1342,182,Savings,10562.46,2018-02-26
1343,893,Credit,34494.67,2016-07-18
1344,768,Checking,43871.62,2015-10-29
1345,550,Credit,14553.58,2004-04-30
1346,688,Checking,4146.44,2024-06-08
1347,27,Savings,14959.73,2024-02-04
1348,276,Savings,33634.47,2010-10-26
1349,652,Checking,16471.57,2024-01-01
1350,299,Credit,13941.7,2004-12-07
1351,957,Savings,9262.54,2016-12-16
1352,799,Loan,24900.95,2003-12-22
1353,91,Savings,13833.64,2005-04-18
1354,480,Credit,36563.97,2011-01-21
1355,573,Loan,3877.29,2018-09-03
1356,458,Credit,33218.45,2009-01-22
1357,451,Checking,11916.12,2010-06-03
1358,365,Loan,24489.5,2015-08-23
1359,859,Credit,14340.19,2019-03-17
1360,675,Loan,36152.3,2014-01-13
1361,351,Credit,47268.09,2010-03-08
1362,655,Loan,45857.99,2006-06-26
1363,400,Credit,29192.14,2014-10-30
1364,253,Checking,23157.38,2019-01-17
1365,781,Loan,40924.11,2021-05-04
1366,881,Loan,34182.15,2017-04-21
1367,803,Loan,9219.03,2022-03-19
1368,459,Loan,41054.91,2014-04-23
1369,699,Checking,21472.78,2009-07-30
1370,917,Loan,9489.83,2016-01-19
1371,499,Savings,14125.78,2010-06-11
1372,950,Checking,13412.98,2021-08-18
1373,971,Savings,25984.39,2010-12-20
1374,926,Loan,11756.79,2008-04-11
1375,508,Credit,6222.15,2020-11-22
1376,304,Savings,6228.36,2010-11-24
1377,501,Loan,29184.65,2002-02-04
1378,803,Savings,36751.23,2014-05-02
1379,598,Loan,16110.57,2019-01-13
1380,166,Loan,1780.8,2019-10-19
1381,415,Loan,6404.88,2023-07-04
1382,462,Credit,45738.99,2014-05-24
1383,920,Savings,24702.51,2016-04-26
1384,114,Checking,22705.96,2012-09-11
1385,433,Checking,1950.56,2020-06-17
1386,992,Checking,36445.42,2013-05-19
1387,356,Checking,26427,2013-10-28
1388,928,Loan,10143.94,2015-07-04
1389,695,Savings,5548.18,2009-07-30
1390,207,Savings,19200.22,2016-06-05
1391,768,Credit,41866.24,2002-07-12
1392,235,Savings,43271.46,2005-07-25
1393,442,Savings,30162.18,2002-01-21
1394,355,Savings,36390.44,2022-10-31
1395,515,Credit,5802.03,2014-03-26
1396,208,Checking,29426.9,2017-11-19
1397,709,Savings,33364.94,2006-12-01
1398,853,Credit,10075.61,2021-04-04
1399,125,Credit,44013.73,2018-01-04
1400,138,Loan,9790.09,2013-04-22
1401,339,Credit,15708.19,2022-01-14
1402,537,Checking,31046.81,2022-03-08
1403,68,Savings,31935.59,2023-07-12
1404,573,Credit,34984.27,2004-11-08
1405,541,Checking,5644.99,2014-03-01
1406,383,Credit,42480.75,2022-06-16
1407,19,Credit,26665.71,2014-06-12
1408,683,Credit,23592.52,2019-08-01
1409,450,Credit,49055.83,2005-06-22
1410,74,Credit,37031.9,2015-08-20
1411,573,Checking,5944.4,2007-03-09
1412,939,Savings,37839.13,2014-02-24
1413,665,Savings,4807.68,2005-09-29
1414,276,Savings,1422.15,2022-03-21
1415,48,Savings,20211.11,2013-11-18
1416,211,Checking,49679.23,2007-07-20
1417,855,Loan,8785.45,2011-03-18
1418,920,Loan,33648.58,2009-05-18
1419,651,Checking,8711.13,2007-12-06
1420,622,Checking,36253.11,2007-09-10
1421,994,Credit,25292.42,2005-01-04
1422,695,Credit,34014.59,2010-04-02
1423,540,Credit,10183.52,2022-04-24
1424,709,Savings,37294.14,2019-09-19
1425,191,Credit,49781.17,2024-08-26
1426,315,Loan,33299.24,2010-07-20
1427,901,Savings,24699.33,2004-02-05
1428,563,Credit,46162.54,2021-03-19
1429,661,Savings,841.8,2011-04-09
1430,780,Loan,36509.68,2024-09-29
1431,562,Credit,44442.89,2022-04-30
1432,900,Loan,3130.65,2022-02-03
1433,758,Loan,22530.71,2013-04-16
1434,113,Loan,10275.74,2016-03-21
1435,170,Credit,28347.58,2022-07-19
1436,468,Checking,32494.67,2010-03-04
1437,678,Credit,15166.03,2024-01-31
1438,921,Loan,23026.08,2020-06-12
1439,14,Credit,14003.01,2017-03-16
1440,715,Loan,18501.09,2001-04-11
1441,288,Checking,8019.02,2009-12-20
1442,907,Savings,44283.69,2003-05-06
1443,189,Checking,550.02,2023-08-04
1444,914,Checking,44126.34,2019-02-06
1445,155,Savings,28605.36,2013-12-02
1446,567,Credit,16616.31,2021-03-28
1447,694,Savings,36166.7,2006-02-24
1448,722,Credit,25412.22,2010-12-14
1449,888,Credit,24980.48,2018-01-15
1450,471,Loan,5551.61,2011-05-26
1451,75,Loan,19506.33,2024-04-11
1452,277,Savings,12091.16,2023-03-03
1453,940,Checking,834.01,2007-11-13
1454,645,Savings,18036.98,2006-06-01
1455,343,Credit,4536.62,2020-05-22
1456,425,Loan,12878.66,2002-09-06
1457,571,Savings,4671.21,2023-03-24
1458,511,Savings,5092.03,2013-07-21
1459,857,Loan,9990.61,2004-05-23
1460,182,Loan,49992.47,2006-04-13
1461,458,Loan,159.1,2010-07-15
1462,918,Credit,,2022-06-21
1463,851,Loan,7105.12,2010-12-08
1464,833,Checking,46035.38,2012-03-12
1465,64,Savings,4726.96,2021-09-25
1466,839,Loan,47755.41,2020-11-05
1467,260,Loan,30565.77,2010-06-28
1468,193,Credit,113.34,2024-12-14
1469,655,Credit,44705.66,2018-04-20
1470,616,Savings,26109.5,2011-06-11
1471,972,Checking,13170.35,2012-01-09
1472,406,Savings,38375.59,2016-08-03
1473,726,Loan,46336.94,2006-01-20
1474,754,Checking,24210.36,2003-03-16
1475,943,Checking,15811.9,2023-06-09
1476,721,Checking,39457.81,2016-07-12
1477,93,Checking,34105.19,2005-07-19
1478,430,Savings,44443.19,2014-12-28
1479,654,Credit,34641.07,2017-10-31
1480,434,Credit,12214.24,2007-07-19
1481,404,Loan,46586.38,2009-02-13
1482,434,Credit,5286.55,2005-07-06
1483,112,Credit,13433.74,2009-07-13
1484,929,Credit,26033.72,2003-06-23
1485,375,Credit,28308.81,2010-06-18
1486,59,Loan,814.76,2024-11-09
1487,43,Savings,39039.61,2007-03-24
1488,207,Checking,18112.29,2011-01-10
1489,780,Credit,20350.61,2011-08-10
1490,296,Savings,40478.01,2009-07-21
1491,118,Credit,18995.21,2005-08-28
1492,532,Credit,2408.88,2014-05-20
1493,222,Checking,8863.17,2010-07-13
1494,166,Checking,47797.36,2009-08-26
1495,643,Checking,3566.75,2025-01-20
1496,156,Credit,17778.81,2012-01-21
1497,184,Credit,25183.8,2015-01-27
1498,90,Credit,24689.38,2022-12-25
1499,94,Checking,247.8,2012-12-05
1500,13,Loan,25083.08,2022-02-26
1501,973,Savings,19219.43,2024-08-26
1502,834,Loan,48605.36,2018-09-05
1503,805,Credit,8000,2020-04-17
1504,945,Credit,17740,2011-09-14
1505,742,Loan,21003.1,2016-01-02
1506,834,Credit,19565.14,2017-05-06
1507,804,Savings,33308.25,2006-02-04
1508,438,Credit,10814.87,2018-12-28
1509,538,Savings,11092.52,2024-02-08
1510,587,Loan,36474.09,2014-10-22
1511,968,Loan,25039.51,2009-08-03
1512,876,Credit,20787.03,2009-01-25
1513,936,Savings,8501.69,2014-02-15
1514,811,Credit,9416.98,2011-09-07
1515,150,Checking,577.05,2021-05-24
1516,660,Checking,4616.74,2017-04-14
1517,8,Checking,27864.09,2024-05-07
1518,29,Checking,44599.06,2019-07-11
1519,296,Credit,14393.88,2021-06-12
1520,986,Checking,16420.97,2023-04-23
1521,926,Savings,5824.5,2004-03-24
1522,721,Loan,19462.12,2020-01-27
1523,640,Loan,1909.22,2023-07-13
1524,340,Checking,45884.15,2017-01-08
1525,628,Checking,33671.91,2001-07-23
1526,439,Checking,49537.9,2017-07-04
1527,144,Credit,44147.02,2002-04-11
1528,942,Loan,23675.88,2006-08-14
1529,830,Checking,26008.27,2024-05-17
1530,747,Savings,9569.27,2002-05-04
1531,519,Checking,23128.87,2014-09-19
1532,976,Loan,45156.24,2010-12-07
1533,45,Checking,2590.13,2012-02-10
1534,955,Loan,43184.66,2003-06-18
1535,239,Checking,17080.34,2001-07-15
1536,952,Savings,44980.66,2021-05-16
1537,944,Checking,47046.95,2007-05-29
1538,155,Savings,33559.7,2022-03-24
1539,181,Savings,33237.97,2024-04-03
1540,215,Checking,22665.08,2015-06-03
1541,88,Savings,41785.23,2007-04-27
1542,256,Credit,48082.56,2004-03-15
1543,511,Checking,38765.34,2008-01-04
1544,73,Checking,31115.74,2006-02-04
1545,931,Savings,30359.31,2013-10-05
1546,179,Savings,42481.02,2001-05-05
1547,212,Checking,27083.13,2005-02-22
1548,805,Credit,40202.8,2023-01-02
1549,234,Savings,25468.82,2005-10-28
1550,465,Savings,3169.09,2018-04-12
1551,751,Loan,19228.15,2012-01-16
1552,223,Credit,22249.83,2011-10-06
1553,631,Credit,7123.78,2003-02-15
1554,825,Checking,5169.69,2023-03-07
1555,264,Credit,26796.47,2008-01-13
1556,207,Checking,4302.92,2010-07-05
1557,607,Loan,15182.11,2024-12-29
1558,885,Credit,37242.62,2024-05-08
1559,734,Savings,48223.39,2011-11-24
1560,366,Loan,35907.64,2006-10-04
1561,276,Checking,49631.65,2013-03-03
1562,380,Loan,34931.98,2005-12-13
1563,743,Checking,14725.03,2019-11-09
1564,309,Loan,33619.02,2004-02-28
1565,631,Checking,35122.73,2002-07-22
1566,268,Credit,18617.76,2005-12-29
1567,945,Savings,934.81,2010-01-01
1568,785,Checking,35174.83,2020-12-11
1569,64,Loan,1133.92,2011-01-09
1570,810,Checking,31577.84,2012-11-15
1571,350,Checking,8222.64,2005-02-23
1572,925,Checking,28301.9,2010-12-28
1573,915,Loan,25220.46,2016-06-14
1574,494,Savings,725.01,2008-06-28
1575,523,Credit,18175.15,2003-11-03
1576,98,Savings,30074.5,2022-09-15
1577,946,Checking,42437.9,2016-03-09
1578,71,Loan,44437.67,2016-06-16
1579,364,Savings,24218.31,2016-04-07
1580,570,Checking,36434.7,2023-03-12
1581,802,Credit,15856.91,2013-11-05
1582,763,Credit,17142.21,2005-03-25
1583,276,Credit,9763.45,2002-12-02
1584,50,Checking,28119.31,2018-05-09
1585,358,Loan,15762.48,2005-06-06
1586,728,Savings,4264.33,2015-08-26
1587,906,Credit,34266.05,2013-05-06
1588,928,Checking,35402.27,2006-07-10
1589,564,Checking,18031.62,2023-04-19
1590,783,Savings,3882.33,2021-07-31
1591,485,Credit,21343.57,2004-01-16
1592,84,Checking,22144.66,2017-01-04
1593,899,Savings,33450.11,2016-06-29
1594,805,Loan,15805.05,2015-07-14
1595,638,Loan,34145.83,2024-01-04
1596,808,Loan,43580.85,2016-09-27
1597,584,Credit,,2001-05-27
1598,296,Savings,48947.03,2006-10-25
1599,236,Savings,19349.09,2015-10-15
1600,56,Checking,13399.57,2006-11-20
1601,919,Checking,21104.48,2008-09-20
1602,360,Checking,4765.15,2019-09-05
1603,907,Savings,6329.01,2023-10-19
1604,110,Checking,20750.98,2021-06-08
1605,192,Savings,38134.1,2004-11-09
1606,904,Savings,,2018-12-09
1607,93,Loan,33257.66,2011-07-19
1608,862,Checking,5305.72,2004-10-05
1609,568,Loan,33617.39,2022-07-22
1610,60,Credit,31789.62,2021-06-07
1611,650,Credit,40297.91,2017-04-01
1612,39,Credit,41271.17,2019-02-24
1613,540,Savings,43416.74,2006-04-23
1614,49,Savings,20735.87,2012-05-05
1615,420,Savings,34908.33,2015-08-14
1616,637,Checking,13449.11,2018-09-03
1617,13,Loan,49966.85,2009-09-02
1618,992,Savings,8807.95,2010-11-13
1619,36,Loan,555.22,2006-09-01
1620,101,Loan,7483,2004-04-11
1621,794,Loan,38804.82,2006-03-08
1622,86,Checking,22366.84,2019-08-14
1623,516,Checking,22402.64,2004-12-16
1624,223,Credit,47753.39,2011-11-29
1625,338,Credit,45985.76,2007-04-11
1626,960,Loan,15594.18,2008-11-04
1627,166,Credit,10492.45,2014-11-30
1628,383,Loan,42431.69,2007-02-24
1629,856,Checking,45305.65,2016-08-12
1630,895,Checking,27102.77,2005-01-13
1631,376,Checking,31489.71,2008-10-28
1632,471,Savings,12882.87,2008-06-03
1633,790,Loan,40050.09,2024-10-01
1634,642,Checking,31624.52,2019-09-26
1635,31,Loan,25200.5,2002-04-28
1636,375,Credit,3052.42,2006-01-19
1637,11,Credit,45800.95,2016-02-19
1638,988,Checking,30791.8,2009-09-07
1639,302,Loan,9674.92,2001-11-17
1640,96,Checking,30338.99,2003-05-23
1641,190,Credit,33889.29,2008-06-28
1642,453,Checking,26312.23,2007-12-17
1643,192,Loan,35919.18,2003-10-10
1644,486,Credit,29093.62,2015-04-18
1645,266,Savings,47391.09,2009-03-11
1646,424,Credit,2732.17,2003-07-18
1647,128,Savings,5356.97,2019-12-10
1648,238,Checking,8724.9,2020-12-01
1649,920,Checking,34524.04,2013-06-13
1650,355,Loan,32297.51,2020-06-18
1651,940,Savings,44608.34,2009-04-26
1652,112,Checking,36657.23,2005-09-20
1653,828,Savings,25442.36,2001-08-23
1654,446,Checking,49592,2001-12-22
1655,343,Credit,13342.09,2019-09-07
1656,145,Checking,41667.92,2003-09-14
1657,65,Loan,21368.18,2010-09-22
1658,247,Credit,32454.32,2017-06-11
1659,735,Loan,36377.06,2003-05-02
1660,991,Credit,31706.02,2022-11-01
1661,490,Savings,7068.34,2024-07-21
1662,825,Loan,22175.4,2024-11-30
1663,439,Checking,28093.85,2009-11-09
1664,106,Savings,42459.74,2010-05-11
1665,181,Checking,22210.11,2022-04-06
1666,184,Credit,45941.43,2005-09-14
1667,226,Credit,22046.69,2022-03-29
1668,777,Checking,27461.55,2007-03-10
1669,790,Checking,39824.47,2020-01-26
1670,909,Savings,29174.23,2004-09-05
1671,89,Checking,48012.89,2006-10-25
1672,688,Loan,33033.77,2022-12-04
1673,530,Loan,26159.34,2014-01-02
1674,371,Checking,1228.42,2019-11-28
1675,972,Loan,20715.96,2023-09-30
1676,936,Checking,,2017-05-13
1677,913,Savings,37417.88,2019-05-31
1678,399,Loan,10453.47,2014-04-18
1679,106,Loan,10300.74,2002-09-19
1680,271,Checking,9516.48,2004-02-28
1681,975,Loan,6324.5,2004-07-31
1682,831,Credit,15584.8,2024-02-29
1683,503,Savings,44301.81,2015-11-08
1684,679,Savings,38757.68,2008-02-13
1685,525,Loan,36775.8,2006-09-23
1686,849,Loan,39876.97,2002-03-28
1687,32,Credit,13507.42,2008-06-08
1688,393,Credit,44377.71,2003-09-12
1689,40,Loan,6908.3,2019-10-31
1690,660,Loan,16850.47,2022-05-05
1691,218,Credit,29358.07,2003-07-09
1692,731,Checking,5190.11,2023-05-10
1693,981,Credit,36520,2003-05-26
1694,82,Checking,19392.94,2014-11-19
1695,845,Savings,39231.06,2004-08-22
1696,720,Savings,24670.17,2022-04-14
1697,201,Credit,9084.68,2020-12-31
1698,447,Checking,36751.35,2024-03-25
1699,844,Credit,12644.59,2016-12-28
1700,428,Credit,24565.97,2006-01-04
1701,38,Checking,3822.89,2001-07-15
1702,211,Credit,30912.44,2023-01-21
1703,444,Savings,33309.6,2018-08-20
1704,327,Loan,18964.78,2011-07-21
1705,761,Loan,47723.42,2002-04-25
1706,227,Credit,43714.74,2008-05-05
1707,48,Checking,35411.65,2004-07-08
1708,18,Checking,35696.92,2015-05-22
1709,912,Savings,12657.47,2022-08-31
1710,439,Checking,32857.92,2020-01-05
1711,807,Checking,9950.4,2016-07-11
1712,708,Savings,7242.96,2012-09-29
1713,187,Credit,49973.42,2002-06-12
1714,345,Loan,31137.68,2015-10-23
1715,224,Savings,21577.84,2008-07-05
1716,830,Credit,14443.82,2015-10-30
1717,488,Savings,30215.83,2022-10-26
1718,909,Credit,2527.2,2002-11-18
1719,877,Savings,4779.32,2004-04-18
1720,849,Credit,1691.19,2017-03-09
1721,229,Savings,24983.53,2006-02-14
1722,390,Credit,30050.3,2021-12-31
1723,979,Savings,3170.86,2014-04-24
1724,589,Loan,36075.16,2023-11-10
1725,188,Loan,,2020-02-19
1726,858,Checking,34275.81,2003-12-11
1727,270,Credit,49095.76,2013-06-14
1728,607,Savings,34570.74,2017-05-08
1729,310,Credit,44165.49,2019-12-10
1730,132,Loan,47412.52,2023-08-04
1731,551,Credit,24363.21,2016-06-06
1732,72,Savings,35131.13,2006-12-14
1733,793,Credit,42605.86,2024-05-02
1734,845,Savings,17862.62,2002-10-12
1735,672,Loan,13106.8,2016-12-07
1736,187,Loan,47332.6,2004-10-11
1737,486,Loan,36328.86,2019-07-14
1738,191,Checking,11023.12,2013-08-27
1739,422,Loan,22481.72,2006-07-08
1740,120,Credit,39832.77,2002-06-17
1741,220,Checking,27375.8,2010-08-18
1742,53,Loan,32515.11,2002-12-15
1743,734,Credit,37700.72,2003-07-13
1744,451,Credit,31119.36,2015-07-14
1745,412,Credit,27026.96,2005-07-06
1746,643,Savings,37493.23,2016-07-17
1747,237,Checking,36391.77,2015-06-09
1748,758,Credit,31512.13,2015-01-07
1749,738,Savings,18021.48,2012-01-14
1750,720,Loan,20320.31,2019-03-24
1751,406,Credit,48523.41,2012-08-22
1752,608,Savings,5663.68,2002-09-14
1753,422,Credit,13461.82,2018-07-15
1754,712,Checking,24645.47,2017-12-28
1755,247,Checking,41844.65,2002-10-31
1756,72,Loan,8225.6,2013-01-14
1757,830,Credit,13883.88,2017-06-22
1758,185,Savings,3336.62,2001-07-11
1759,6,Loan,35313.96,2001-06-12
1760,206,Credit,11948.56,2008-11-30
1761,544,Loan,19464.3,2013-02-12
1762,611,Savings,22212.89,2023-04-28
1763,906,Loan,44571.13,2011-06-13
1764,387,Loan,20595.95,2007-05-02
1765,768,Loan,7303.99,2008-05-25
1766,699,Credit,26239.53,2011-09-15
1767,76,Savings,48149.75,2003-12-03
1768,177,Checking,30403.9,2021-06-06
1769,827,Credit,49170.19,2024-04-07
1770,799,Checking,42063.31,2010-07-10
1771,349,Checking,1846.49,2008-03-09
1772,255,Credit,32937.06,2007-12-06
1773,837,Credit,14374.01,2021-03-20
1774,702,Savings,28002.86,2022-03-11
1775,308,Savings,14003.29,2012-01-19
1776,345,Loan,17476.08,2022-02-21
1777,127,Checking,46162.28,2023-05-01
1778,937,Savings,10371.83,2020-04-07
1779,287,Loan,43711.75,2017-11-12
1780,766,Savings,1571.37,2009-10-30
1781,725,Credit,4589.28,2017-02-15
1782,762,Savings,42741.02,2004-11-03
1783,596,Checking,31546.27,2015-07-17
1784,487,Savings,37374.45,2004-08-28
1785,383,Checking,10510.41,2004-11-22
1786,406,Credit,,2019-11-01
1787,388,Checking,36874.1,2024-06-11
1788,525,Savings,31384.34,2015-04-12
1789,557,Loan,23611.35,2018-02-20
1790,639,Credit,47991.2,2002-03-02
1791,938,Savings,33824.06,2008-08-03
1792,626,Credit,45392.15,2019-02-26
1793,945,Credit,36502.04,2015-07-11
1794,276,Savings,36786.4,2012-05-15
1795,500,Savings,4046.91,2019-07-07
1796,717,Loan,18005.26,2018-12-13
1797,337,Credit,42925.55,2013-04-28
1798,950,Credit,11668.56,2012-10-24
1799,932,Savings,5819.52,2006-05-08
1800,481,Checking,16339,2016-07-30
1801,897,Savings,11060.87,2012-04-12
1802,911,Credit,46268.15,2006-12-24
1803,973,Savings,43404.93,2019-04-20
1804,273,Loan,25009.18,2011-09-28
1805,920,Checking,3114.13,2016-08-04
1806,58,Savings,35742.39,2017-07-10
1807,328,Loan,31189.42,2010-05-06
1808,731,Credit,48529.21,2006-05-02
1809,109,Savings,27969.71,2012-10-03
1810,279,Credit,16852.87,2009-09-24
1811,686,Loan,25975.13,2012-05-15
1812,328,Credit,48964.2,2001-08-20
1813,776,Loan,34833.3,2015-06-19
1814,315,Loan,33615.21,2023-04-23
1815,474,Loan,12072.05,2005-11-21
1816,111,Savings,37192.95,2012-03-16
1817,699,Credit,37526.08,2024-11-09
1818,781,Credit,,2024-12-18
1819,935,Checking,24211.51,2002-12-13
1820,229,Checking,14765.44,2016-09-15
1821,497,Checking,12972.32,2013-01-11
1822,156,Checking,1343.51,2022-07-02
1823,473,Credit,14296.33,2003-08-03
1824,701,Loan,27720.8,2017-04-12
1825,272,Loan,129.98,2011-02-02
1826,887,Savings,14196.79,2021-09-02
1827,2,Loan,44076.45,2009-04-22
1828,758,Credit,29702.75,2021-06-12
1829,722,Credit,30412.75,2005-06-17
1830,511,Credit,20198.05,2019-09-14
1831,913,Savings,33839.78,2008-11-06
1832,286,Checking,9537.14,2013-01-29
1833,871,Loan,40946.4,2018-07-24
1834,13,Credit,5878.62,2011-05-15
1835,608,Credit,32817.27,2012-06-21
1836,498,Checking,17090.41,2020-02-11
1837,733,Credit,37388.27,2023-01-06
1838,238,Loan,27510.74,2024-08-12
1839,94,Savings,22645.03,2021-06-27
1840,338,Credit,8512.65,2015-12-03
1841,781,Loan,31859.23,2022-01-03
1842,171,Credit,48739.75,2020-11-28
1843,981,Checking,41288.89,2014-09-14
1844,606,Credit,3047.41,2002-05-24
1845,661,Credit,18842.66,2019-04-21
1846,624,Savings,46282.87,2002-08-07
1847,567,Checking,25177.04,2006-08-19
1848,849,Checking,33122.49,2017-12-24
1849,936,Savings,45634.34,2021-11-04
1850,467,Credit,43696.04,2022-05-05
1851,628,Loan,25115.93,2009-03-02
1852,143,Checking,21910.43,2023-05-06
1853,201,Checking,17017.65,2004-02-09
1854,180,Credit,35965.02,2024-02-01
1855,714,Credit,14384.99,2003-05-30
1856,364,Checking,12531.89,2005-12-12
1857,479,Credit,17844.68,2014-10-26
1858,565,Loan,8901.89,2013-04-15
1859,471,Checking,34771.23,2004-08-24
1860,384,Loan,30831.22,2003-09-21
1861,692,Loan,24169.78,2003-07-25
1862,926,Credit,19546.77,2003-10-06
1863,417,Loan,45457.67,2018-07-05
1864,825,Credit,1504.73,2007-01-07
1865,308,Savings,38466.93,2001-04-09
1866,649,Credit,45100.38,2021-09-02
1867,694,Loan,22345.41,2019-12-01
1868,367,Savings,,2010-05-19
1869,1,Credit,47225.96,2015-10-14
1870,44,Loan,10653.26,2010-07-04
1871,739,Checking,26030.74,2016-07-05
1872,843,Checking,23762.32,2013-12-02
1873,98,Credit,12956.71,2010-06-21
1874,720,Credit,40938.73,2010-06-23
1875,265,Checking,44985.05,2019-12-14
1876,800,Loan,39107.53,2014-12-18
1877,783,Loan,9808.18,2013-09-23
1878,140,Loan,4383.09,2011-11-11
1879,481,Credit,30291.95,2005-06-15
1880,237,Savings,2901.88,2024-02-08
1881,974,Savings,33657.65,2025-02-05
1882,953,Savings,26544.69,2017-01-03
1883,904,Savings,33156.15,2022-11-12
1884,72,Savings,29529.03,2017-12-04
1885,667,Credit,21163.99,2022-03-04
1886,190,Credit,10083.82,2022-11-24
1887,268,Savings,15319.82,2006-09-27
1888,321,Credit,26248.8,2016-01-30
1889,107,Credit,32610.81,2022-12-16
1890,232,Savings,38985.18,2007-12-20
1891,42,Loan,38370.18,2015-03-29
1892,702,Credit,48635.8,2017-08-16
1893,883,Loan,,2017-12-04
1894,139,Credit,3601.98,2020-05-30
1895,615,Credit,17315.56,2008-03-25
1896,683,Savings,37177.56,2019-10-04
1897,863,Credit,21933.68,2010-05-18
1898,273,Checking,40898.53,2020-01-08
1899,481,Checking,27488.85,2014-08-18
1900,416,Savings,46493.1,2018-03-04
1901,506,Loan,47395.78,2004-01-23
1902,733,Loan,3511.76,2012-06-30
1903,725,Loan,22847.85,2007-12-13
1904,853,Checking,30503.97,2020-06-21
1905,424,Loan,12830.83,2008-03-20
1906,407,Loan,20383.49,2022-08-02
1907,568,Savings,33900.19,2011-11-20
1908,390,Loan,11375.37,2007-11-24
1909,342,Checking,30118.97,2011-08-25
1910,946,Checking,34887.52,2024-07-16
1911,614,Checking,4570.29,2011-08-15
1912,933,Savings,24901.59,2017-03-01
1913,493,Savings,13190.85,2010-04-11
1914,192,Credit,36233.1,2012-01-31
1915,499,Loan,,2009-02-10
1916,822,Savings,44617.28,2023-11-14
1917,712,Checking,21575.52,2004-10-18
1918,233,Checking,9940.25,2004-05-05
1919,945,Savings,21929.19,2017-07-30
1920,227,Savings,20466.75,2014-06-18
1921,371,Savings,21474.5,2022-04-02
1922,139,Credit,29298.79,2013-11-28
1923,856,Checking,26082.63,2003-06-11
1924,817,Credit,7531.37,2014-11-24
1925,149,Credit,3325.67,2019-08-19
1926,115,Loan,36484.3,2003-02-19
1927,450,Checking,28007.89,2008-10-21
1928,63,Checking,17982.09,2006-01-07
1929,104,Savings,40427.47,2013-02-10
1930,851,Savings,19433.52,2001-06-29
1931,871,Loan,39808.46,2005-10-29
1932,668,Credit,15322.52,2021-03-25
1933,273,Savings,3688.62,2005-06-24
1934,6,Savings,46635.35,2006-10-26
1935,147,Checking,19757.83,2003-04-14
1936,184,Checking,39644.99,2006-04-05
1937,998,Savings,13993.25,2023-12-29
1938,28,Checking,32335.94,2024-04-16
1939,962,Loan,43671.88,2021-08-29
1940,550,Savings,2130.12,2021-11-23
1941,119,Checking,41540.26,2004-05-05
1942,293,Loan,28588.08,2013-10-09
1943,371,Checking,30393.21,2018-11-10
1944,244,Checking,26181.74,2024-11-02
1945,580,Checking,43730.03,2022-02-06
1946,726,Savings,2219.5,2004-07-05
1947,218,Credit,13088.37,2009-07-17
1948,177,Checking,43794.34,2013-01-02
1949,299,Loan,37629.67,2010-02-28
1950,676,Savings,931.38,2014-12-09
1951,58,Savings,25874.46,2020-01-17
1952,269,Loan,26502.16,2014-04-10
1953,308,Checking,20074.06,2024-08-10
1954,570,Credit,14904.8,2002-06-08
1955,288,Checking,34102.16,2011-02-13
1956,977,Loan,10429.13,2016-09-12
1957,105,Savings,39957.48,2013-05-08
1958,228,Credit,40161.71,2017-03-21
1959,247,Savings,20792.31,2019-09-23
1960,700,Loan,14213.22,2020-06-15
1961,494,Checking,14229.72,2009-10-14
1962,83,Credit,24140.45,2010-01-09
1963,186,Savings,35992.98,2002-03-31
1964,252,Savings,17975.49,2015-02-16
1965,355,Savings,30521.67,2006-04-25
1966,750,Checking,19155.1,2012-03-26
1967,872,Credit,15260.93,2020-03-05
1968,696,Checking,1291.73,2006-01-17
1969,796,Checking,245.51,2020-12-31
1970,897,Checking,11399.02,2003-02-27
1971,938,Loan,20349.99,2022-03-04
1972,210,Loan,42570.5,2018-12-15
1973,816,Loan,39934.29,2013-10-16
1974,808,Credit,13394.9,2013-11-02
1975,609,Checking,12264.8,2002-06-19
1976,447,Checking,11404.74,2022-05-01
1977,460,Loan,16994.91,2013-09-29
1978,968,Checking,24935.03,2018-06-11
1979,472,Checking,21961.46,2016-03-20
1980,720,Savings,10952.75,2015-10-05
1981,370,Checking,6566.05,2010-11-10
1982,900,Savings,678.26,2014-05-24
1983,934,Checking,7740.46,2013-06-04
1984,492,Credit,35282.55,2024-11-19
1985,923,Loan,12219.75,2011-01-13
1986,137,Savings,23456.66,2010-11-11
1987,367,Loan,29585.49,2017-12-08
1988,912,Savings,44347.7,2024-12-22
1989,184,Savings,44448.31,2007-06-13
1990,588,Savings,37299.4,2009-09-28
1991,287,Credit,1806.09,2017-05-22
1992,472,Checking,28774.77,2015-10-23
1993,375,Savings,39339.84,2005-02-06
1994,654,Credit,913.54,2003-03-11
1995,749,Savings,27506.75,2007-11-18
1996,537,Checking,42895.32,2022-03-06
1997,511,Savings,23731.4,2015-07-08
1998,802,Credit,255.1,2001-05-21
1999,579,Checking,600.12,2022-01-20
